<?xml version="1.0" encoding="utf-8" ?>
<Defs>
	<ThingDef ParentName="BuildingBase">
		<defName>BananaPhone</defName>
		<label>banana phone</label>
		<thingClass>Building_CommsConsole</thingClass>
		<graphicData>
			<texPath>Things/Building/Misc/BananaPhone</texPath>
			<graphicClass>Graphic_Single</graphicClass>
			<drawSize>(1,2)</drawSize>
			<damageData>
				<rect>(0,0,3,1.8)</rect>
				<cornerBL>Damage/Corner</cornerBL>
				<cornerBR>Damage/Corner</cornerBR>
			</damageData>
		</graphicData>
		<altitudeLayer>Building</altitudeLayer>
		<passability>Impassable</passability>
		<blockWind>true</blockWind>
		<castEdgeShadows>true</castEdgeShadows>
		<fillPercent>1</fillPercent>
		<canOverlapZones>false</canOverlapZones>
		<statBases>
			<MaxHitPoints>250</MaxHitPoints>
			<WorkToBuild>2200</WorkToBuild>
			<Flammability>1.0</Flammability>
		</statBases>
		<description>Allows radio contact with remote traders as well as other factions for trade and diplomacy.</description>
		<size>(1,2)</size>
		<costList>
			<Bananas>400</Bananas>
			<Component>4</Component>
		</costList>
		<interactionCellOffset>(0,0,-1)</interactionCellOffset>
		<hasInteractionCell>true</hasInteractionCell>
		<terrainAffordanceNeeded>Heavy</terrainAffordanceNeeded>
		<designationCategory>Misc</designationCategory>
		<building>
			<ai_chillDestination>false</ai_chillDestination>
		</building>
		<comps>
			<li Class="CompProperties_Power">
				<compClass>CompPowerTrader</compClass>
				<startElectricalFires>true</startElectricalFires>
				<basePowerConsumption>200</basePowerConsumption>
			</li>
			<li Class="CompProperties_Flickable"/>
			<li Class="CompProperties_Breakdownable"/>
		</comps>
		<staticSunShadowHeight>0.5</staticSunShadowHeight>
		<designationHotKey>Misc3</designationHotKey>
		<constructionSkillPrerequisite>5</constructionSkillPrerequisite>
				<researchPrerequisites>
			<li>BananaTech2</li>
		</researchPrerequisites>
	</ThingDef>
</Defs>