<?xml version="1.0" encoding="utf-8" ?>
<Defs>
<ThingDef ParentName="PlantBase">
		<defName>PlantBanana</defName>
		<label>banana tree</label>
		<description>Have you ever heard of bananas? Well, maybe you haven't. Glitterworlds are pretty obsessed with processing fruits, so maybe you know the flavor of it. Anyway, these banana trees have adapted to live pretty much anywhere, even on Rimworlds.</description>
		<statBases>
			<MaxHitPoints>135</MaxHitPoints>
		</statBases>
		<graphicData>
			<texPath>Things/Plant/BananaTree</texPath>
			<graphicClass>Graphic_Single</graphicClass>
			<shadowData>
				<volume>(0.55, 0.2, 0.2)</volume>
				<offset>(0,0,-0.25)</offset>
			</shadowData>
		</graphicData>
		<selectable>true</selectable>
		<fillPercent>0.20</fillPercent>
		<pathCost>30</pathCost>
		<ingestible>
			<nutrition>0.35</nutrition>
		</ingestible>
		<plant>
			<sowWork>475</sowWork>
			<sowTags>
				<li>Ground</li>
			</sowTags>
			<fertilityMin>0.5</fertilityMin>
			<fertilitySensitivity>0.5</fertilitySensitivity>
			<growDays>5</growDays>
			<leaflessGraphicPath>Things/Plant/bananatree_leafless</leaflessGraphicPath>
			<immatureGraphicPath>Things/Plant/bananatreeimmature</immatureGraphicPath>
			<harvestYield>15</harvestYield>
			<harvestWork>475</harvestWork>
			<harvestTag>Standard</harvestTag>
			<harvestAfterGrowth>0.30</harvestAfterGrowth>
			<harvestedThingDef>Bananas</harvestedThingDef>
			<wildCommonalityMaxFraction>3.0</wildCommonalityMaxFraction>
			<wildClusterSizeRange>
				<min>3</min>
				<max>5</max>
			</wildClusterSizeRange>
			<wildClusterRadius>3.5</wildClusterRadius>
			<visualSizeRange>
				<min>1.7</min>
				<max>2</max>
			</visualSizeRange>
			<topWindExposure>0.3</topWindExposure>
		</plant>
	</ThingDef>
</Defs>